salesPerson_Id,Product_Division,Received_Training,TimePeriod,sales_generated_$,State,FeedBack_Text
100,3,No,Before,224.903674,PA,xxxxxxxxxxxxx
101,3,No,After,129.702859,PA,xxxxxxxxxxxxx
102,3,No,Before,320.085192,PA,xxxxxxxxxxxxx
103,3,No,After,150.577457,PA,xxxxxxxxxxxxx
104,4,No,Before,1.28778841,CA,xxxxxxxxxxxxx
105,4,No,After,0.310374535,CA,xxxxxxxxxxxxx
106,1,No,Before,3.229974231,CA,xxxxxxxxxxxxx
107,1,No,After,15.280916,CA,xxxxxxxxxxxxx
108,4,No,Before,30.18096,CA,xxxxxxxxxxxxx
109,4,No,After,32.876659,CA,xxxxxxxxxxxxx
110,4,No,Before,1.112461081,CA,xxxxxxxxxxxxx
111,4,No,After,2.217298184,CA,xxxxxxxxxxxxx
112,4,No,Before,197.791464,SC,xxxxxxxxxxxxx
113,4,No,After,158.705983,SC,xxxxxxxxxxxxx
114,4,No,Before,197.791464,SC,xxxxxxxxxxxxx
115,4,No,After,158.705983,SC,xxxxxxxxxxxxx
116,4,No,Before,197.791464,SC,xxxxxxxxxxxxx
117,4,No,After,158.705983,SC,xxxxxxxxxxxxx
118,10,No,Before,16.87223057,CA,xxxxxxxxxxxxx
119,10,No,After,28.0531987,CA,xxxxxxxxxxxxx
120,5,No,Before,1217.966509,CA,xxxxxxxxxxxxx
121,5,No,After,687.3099429,CA,xxxxxxxxxxxxx
122,7,No,Before,1217.966509,CA,xxxxxxxxxxxxx
123,7,No,After,687.3099429,CA,xxxxxxxxxxxxx
124,7,No,Before,12.11483149,CA,xxxxxxxxxxxxx
125,7,No,After,43.6471795,CA,xxxxxxxxxxxxx
126,1,No,Before,149.0215607,CA,xxxxxxxxxxxxx
127,1,No,After,234.1882645,CA,xxxxxxxxxxxxx
128,5,No,Before,66.24074412,CA,xxxxxxxxxxxxx
129,5,No,After,93.67486688,CA,xxxxxxxxxxxxx
130,4,No,Before,123.01803,CA,xxxxxxxxxxxxx
131,4,No,After,118.4438306,CA,xxxxxxxxxxxxx
132,7,No,Before,123.01803,CA,xxxxxxxxxxxxx
133,7,No,After,118.4438306,CA,xxxxxxxxxxxxx
134,4,No,Before,180.1403576,CA,xxxxxxxxxxxxx
135,4,No,After,192.6709966,CA,xxxxxxxxxxxxx
136,10,No,Before,209.9200871,CA,xxxxxxxxxxxxx
137,10,No,After,158.0947306,CA,xxxxxxxxxxxxx
138,4,No,Before,185.2808146,CA,xxxxxxxxxxxxx
139,4,No,After,619.2140675,CA,xxxxxxxxxxxxx
140,10,No,Before,18.16568159,CA,xxxxxxxxxxxxx
141,10,No,After,87.44885248,CA,xxxxxxxxxxxxx
142,3,No,Before,12.41485777,CA,xxxxxxxxxxxxx
143,3,No,After,8.267552037,CA,xxxxxxxxxxxxx
144,5,No,Before,181.5597601,CA,xxxxxxxxxxxxx
145,5,No,After,473.8821495,CA,xxxxxxxxxxxxx
146,3,No,Before,86.69906559,CA,xxxxxxxxxxxxx
147,3,No,After,36.30909438,CA,xxxxxxxxxxxxx
148,4,No,Before,0.030615781,CA,xxxxxxxxxxxxx
149,4,No,After,2.680629549,CA,xxxxxxxxxxxxx
150,4,No,Before,2.730178595,CA,xxxxxxxxxxxxx
151,4,No,After,4.004254619,CA,xxxxxxxxxxxxx
152,4,No,Before,10.60647316,CA,xxxxxxxxxxxxx
153,4,No,After,5.900543594,CA,xxxxxxxxxxxxx
154,10,No,Before,55.39729684,CA,xxxxxxxxxxxxx
155,10,No,After,47.35479083,CA,xxxxxxxxxxxxx
156,1,No,Before,0.711671952,CA,xxxxxxxxxxxxx
157,1,No,After,1.486846756,CA,xxxxxxxxxxxxx
158,4,No,Before,0.009748505,CA,xxxxxxxxxxxxx
159,4,No,After,0.04647361,CA,xxxxxxxxxxxxx
160,4,No,Before,9.169724692,CA,xxxxxxxxxxxxx
161,4,No,After,7.251568752,CA,xxxxxxxxxxxxx
162,4,No,Before,29.45643531,CA,xxxxxxxxxxxxx
163,4,No,After,43.96944276,CA,xxxxxxxxxxxxx
164,3,No,Before,223.136425,PA,xxxxxxxxxxxxx
165,3,No,After,126.21878,PA,xxxxxxxxxxxxx
166,4,No,Before,0.2425,PA,xxxxxxxxxxxxx
167,4,No,After,0.895928086,PA,xxxxxxxxxxxxx
168,1,No,Before,77.91417596,PA,xxxxxxxxxxxxx
169,1,No,After,52.30184305,PA,xxxxxxxxxxxxx
170,1,No,Before,0.317616712,PA,xxxxxxxxxxxxx
171,1,No,After,0.470996707,PA,xxxxxxxxxxxxx
172,4,No,Before,165.7892334,PA,xxxxxxxxxxxxx
173,4,No,After,128.6470815,PA,xxxxxxxxxxxxx
174,4,No,Before,1.570258082,PA,xxxxxxxxxxxxx
175,4,No,After,0.581829181,PA,xxxxxxxxxxxxx
176,1,No,Before,15.767557,PA,xxxxxxxxxxxxx
177,1,No,After,21.232487,PA,xxxxxxxxxxxxx
178,1,No,Before,66.311203,PA,xxxxxxxxxxxxx
179,1,No,After,73.523121,PA,xxxxxxxxxxxxx
180,1,No,Before,12.763911,PA,xxxxxxxxxxxxx
181,1,No,After,3.656746,PA,xxxxxxxxxxxxx
182,4,No,Before,11.490555,PA,xxxxxxxxxxxxx
183,4,No,After,8.499725,PA,xxxxxxxxxxxxx
184,1,No,Before,3.03722,PA,xxxxxxxxxxxxx
185,1,No,After,0.017095,PA,xxxxxxxxxxxxx
186,1,No,Before,2.821682,PA,xxxxxxxxxxxxx
187,1,No,After,2.08084,PA,xxxxxxxxxxxxx
188,10,No,Before,2.018575,PA,xxxxxxxxxxxxx
189,10,No,After,0.84860402,PA,xxxxxxxxxxxxx
190,10,No,Before,47.889563,PA,xxxxxxxxxxxxx
191,10,No,After,23.762334,PA,xxxxxxxxxxxxx
192,4,No,Before,220.346668,PA,xxxxxxxxxxxxx
193,4,No,After,76.236035,PA,xxxxxxxxxxxxx
194,10,No,Before,0.784576,PA,xxxxxxxxxxxxx
195,10,No,After,0.0881,PA,xxxxxxxxxxxxx
196,4,No,Before,30.575493,PA,xxxxxxxxxxxxx
197,4,No,After,39.49308,PA,xxxxxxxxxxxxx
198,4,No,Before,26.036332,PA,xxxxxxxxxxxxx
199,4,No,After,24.657962,PA,xxxxxxxxxxxxx
200,2,No,Before,147.016708,PA,xxxxxxxxxxxxx
201,2,No,After,723.128481,PA,xxxxxxxxxxxxx
202,2,No,Before,147.016708,PA,xxxxxxxxxxxxx
203,2,No,After,723.128481,PA,xxxxxxxxxxxxx
204,1,No,Before,36.579111,PA,xxxxxxxxxxxxx
205,1,No,After,32.978762,PA,xxxxxxxxxxxxx
206,2,No,Before,11.546541,PA,xxxxxxxxxxxxx
207,2,No,After,0.930744,PA,xxxxxxxxxxxxx
208,5,No,Before,316.538143,PA,xxxxxxxxxxxxx
209,5,No,After,435.8179,PA,xxxxxxxxxxxxx
210,1,No,Before,132.682168,PA,xxxxxxxxxxxxx
211,1,No,After,100.146806,PA,xxxxxxxxxxxxx
212,4,No,Before,0.710934,PA,xxxxxxxxxxxxx
213,4,No,After,0.985909,PA,xxxxxxxxxxxxx
214,1,No,Before,7.073497,PA,xxxxxxxxxxxxx
215,1,No,After,2.717018,PA,xxxxxxxxxxxxx
216,4,No,Before,0.114916,PA,xxxxxxxxxxxxx
217,4,No,After,1.977353,PA,xxxxxxxxxxxxx
218,4,No,Before,9.205119,PA,xxxxxxxxxxxxx
219,4,No,After,12.196348,PA,xxxxxxxxxxxxx
220,1,No,Before,28.540139,PA,xxxxxxxxxxxxx
221,1,No,After,5.843198,PA,xxxxxxxxxxxxx
222,2,No,Before,1.21,PA,xxxxxxxxxxxxx
223,2,No,After,1.42469,PA,xxxxxxxxxxxxx
224,4,No,Before,644.402881,PA,xxxxxxxxxxxxx
225,4,No,After,671.563367,PA,xxxxxxxxxxxxx
226,4,No,Before,0.011695,PA,xxxxxxxxxxxxx
227,4,No,After,0.02196,PA,xxxxxxxxxxxxx
228,1,No,Before,928.580465,PA,xxxxxxxxxxxxx
229,1,No,After,491.885831,PA,xxxxxxxxxxxxx
230,2,No,Before,0.79238,PA,xxxxxxxxxxxxx
231,2,No,After,0.705471,PA,xxxxxxxxxxxxx
232,4,No,Before,1.013681,PA,xxxxxxxxxxxxx
233,4,No,After,1.760502,PA,xxxxxxxxxxxxx
234,1,No,Before,105.970346,PA,xxxxxxxxxxxxx
235,1,No,After,133.207102,PA,xxxxxxxxxxxxx
236,10,No,Before,14.28422,PA,xxxxxxxxxxxxx
237,10,No,After,10.229914,PA,xxxxxxxxxxxxx
238,1,No,Before,5.786568,PA,xxxxxxxxxxxxx
239,1,No,After,9.126891,PA,xxxxxxxxxxxxx
240,2,No,Before,0.025825,PA,xxxxxxxxxxxxx
241,2,No,After,0.056377,PA,xxxxxxxxxxxxx
242,2,No,Before,20.297689,PA,xxxxxxxxxxxxx
243,2,No,After,92.999478,PA,xxxxxxxxxxxxx
244,2,No,Before,0.68129104,PA,xxxxxxxxxxxxx
245,2,No,After,0.79290599,PA,xxxxxxxxxxxxx
246,4,No,Before,2.307232,PA,xxxxxxxxxxxxx
247,4,No,After,1.785143,PA,xxxxxxxxxxxxx
248,1,No,Before,8.130159,PA,xxxxxxxxxxxxx
249,1,No,After,10.492009,PA,xxxxxxxxxxxxx
250,4,No,Before,606.027122,PA,xxxxxxxxxxxxx
251,4,No,After,541.090011,PA,xxxxxxxxxxxxx
252,7,No,Before,606.027122,PA,xxxxxxxxxxxxx
253,7,No,After,541.090011,PA,xxxxxxxxxxxxx
254,4,No,Before,4.419395,PA,xxxxxxxxxxxxx
255,4,No,After,6.807734,PA,xxxxxxxxxxxxx
256,4,No,Before,34.611415,PA,xxxxxxxxxxxxx
257,4,No,After,47.512816,PA,xxxxxxxxxxxxx
258,1,No,Before,16.044924,PA,xxxxxxxxxxxxx
259,1,No,After,19.091076,PA,xxxxxxxxxxxxx
260,2,No,Before,0.507345,PA,xxxxxxxxxxxxx
261,2,No,After,0.542122,PA,xxxxxxxxxxxxx
262,2,No,Before,124.591848,PA,xxxxxxxxxxxxx
263,2,No,After,117.299862,PA,xxxxxxxxxxxxx
264,2,No,Before,0.660328,PA,xxxxxxxxxxxxx
265,2,No,After,0.455788,PA,xxxxxxxxxxxxx
266,4,No,Before,0.098404,PA,xxxxxxxxxxxxx
267,4,No,After,0.104016,PA,xxxxxxxxxxxxx
268,10,No,Before,501.959822,PA,xxxxxxxxxxxxx
269,10,No,After,0.5897,PA,xxxxxxxxxxxxx
270,5,No,Before,219.530298,PA,xxxxxxxxxxxxx
271,5,No,After,274.872423,PA,xxxxxxxxxxxxx
272,1,No,Before,3.955514,PA,xxxxxxxxxxxxx
273,1,No,After,4.123837,PA,xxxxxxxxxxxxx
274,4,No,Before,0.550509118,CA,xxxxxxxxxxxxx
275,4,No,After,2.060341101,CA,xxxxxxxxxxxxx
276,1,No,Before,33.510559,PA,xxxxxxxxxxxxx
277,1,No,After,49.56168,PA,xxxxxxxxxxxxx
278,7,No,Before,2.4105,PA,xxxxxxxxxxxxx
279,7,No,After,2.39195,PA,xxxxxxxxxxxxx
280,7,No,Before,2.4105,PA,xxxxxxxxxxxxx
281,7,No,After,2.39195,PA,xxxxxxxxxxxxx
282,2,No,Before,17.801346,PA,xxxxxxxxxxxxx
283,2,No,After,19.954392,PA,xxxxxxxxxxxxx
284,5,No,Before,1077.083612,SC,xxxxxxxxxxxxx
285,5,No,After,416.771645,SC,xxxxxxxxxxxxx
286,4,No,Before,0.00649277,CA,xxxxxxxxxxxxx
287,4,No,After,0.293016797,CA,xxxxxxxxxxxxx
288,4,No,Before,24.046247,PA,xxxxxxxxxxxxx
289,4,No,After,4.583526,PA,xxxxxxxxxxxxx
290,4,No,Before,73.731418,PA,xxxxxxxxxxxxx
291,4,No,After,31.190921,PA,xxxxxxxxxxxxx
292,10,No,Before,0.987176,PA,xxxxxxxxxxxxx
293,10,No,After,0.524661,PA,xxxxxxxxxxxxx
294,4,No,Before,1.112920473,FL,xxxxxxxxxxxxx
295,4,No,After,0.447572717,FL,xxxxxxxxxxxxx
296,2,No,Before,7.354051,PA,xxxxxxxxxxxxx
297,2,No,After,6.807128,PA,xxxxxxxxxxxxx
298,4,No,Before,0.099913433,TX,xxxxxxxxxxxxx
299,4,No,After,0.240715366,TX,xxxxxxxxxxxxx
300,4,No,Before,0.897167172,CA,xxxxxxxxxxxxx
301,4,No,After,0.257174632,CA,xxxxxxxxxxxxx
302,4,No,Before,2.337920302,CA,xxxxxxxxxxxxx
303,4,No,After,6.834735652,CA,xxxxxxxxxxxxx
304,4,No,Before,116.01453,CA,xxxxxxxxxxxxx
305,4,No,After,126.47756,CA,xxxxxxxxxxxxx
306,4,No,Before,25.181633,CA,xxxxxxxxxxxxx
307,4,No,After,31.58349,CA,xxxxxxxxxxxxx
308,4,No,Before,19.1143891,CA,xxxxxxxxxxxxx
309,4,No,After,17.94819445,CA,xxxxxxxxxxxxx
310,2,No,Before,64.93266545,CA,xxxxxxxxxxxxx
311,2,No,After,9.502001613,CA,xxxxxxxxxxxxx
312,4,No,Before,8.607583454,CA,xxxxxxxxxxxxx
313,4,No,After,25.62113647,CA,xxxxxxxxxxxxx
314,4,No,Before,15.2470027,CA,xxxxxxxxxxxxx
315,4,No,After,15.07404409,CA,xxxxxxxxxxxxx
316,5,No,Before,0.544282886,PA,xxxxxxxxxxxxx
317,5,No,After,0.450599436,PA,xxxxxxxxxxxxx
318,4,No,Before,1.333272931,TX,xxxxxxxxxxxxx
319,4,No,After,0.794765835,TX,xxxxxxxxxxxxx
320,1,No,Before,82.35791459,VA,xxxxxxxxxxxxx
321,1,No,After,40.16708164,VA,xxxxxxxxxxxxx
322,4,No,Before,34.84857321,CA,xxxxxxxxxxxxx
323,4,No,After,16.80981658,CA,xxxxxxxxxxxxx
324,1,No,Before,1.945195323,CA,xxxxxxxxxxxxx
325,1,No,After,3.862882113,CA,xxxxxxxxxxxxx
326,4,No,Before,30.081942,VA,xxxxxxxxxxxxx
327,4,No,After,39.992837,VA,xxxxxxxxxxxxx
328,10,No,Before,11.547936,PA,xxxxxxxxxxxxx
329,10,No,After,5.286213,PA,xxxxxxxxxxxxx
330,1,No,Before,1.138726,PA,xxxxxxxxxxxxx
331,1,No,After,0.091643,PA,xxxxxxxxxxxxx
332,1,No,Before,22.5394,PA,xxxxxxxxxxxxx
333,1,No,After,45.365767,PA,xxxxxxxxxxxxx
334,7,No,Before,12.44414856,CA,xxxxxxxxxxxxx
335,7,No,After,2.125686847,CA,xxxxxxxxxxxxx
336,4,No,Before,1.295642,PA,xxxxxxxxxxxxx
337,4,No,After,10.759275,PA,xxxxxxxxxxxxx
338,4,No,Before,84.55959679,CA,xxxxxxxxxxxxx
339,4,No,After,218.6125899,CA,xxxxxxxxxxxxx
340,4,No,Before,9.256477,PA,xxxxxxxxxxxxx
341,4,No,After,7.554212,PA,xxxxxxxxxxxxx
342,4,No,Before,6.715756858,CA,xxxxxxxxxxxxx
343,4,No,After,5.276633409,CA,xxxxxxxxxxxxx
344,5,No,Before,0.448062,PA,xxxxxxxxxxxxx
345,5,No,After,0.64806,PA,xxxxxxxxxxxxx
346,2,No,Before,34.668292,PA,xxxxxxxxxxxxx
347,2,No,After,13.979238,PA,xxxxxxxxxxxxx
348,4,No,Before,8.582168,PA,xxxxxxxxxxxxx
349,4,No,After,6.604969,PA,xxxxxxxxxxxxx
350,1,No,Before,108.7553877,VA,xxxxxxxxxxxxx
351,1,No,After,0.003452466,VA,xxxxxxxxxxxxx
352,4,No,Before,100.0021923,SC,xxxxxxxxxxxxx
353,4,No,After,100.0016329,SC,xxxxxxxxxxxxx
354,4,No,Before,100.0040933,SC,xxxxxxxxxxxxx
355,4,No,After,100.02186,SC,xxxxxxxxxxxxx
356,4,No,Before,100.0423696,SC,xxxxxxxxxxxxx
357,4,No,After,100.0242433,SC,xxxxxxxxxxxxx
358,1,No,Before,0.97846,PA,xxxxxxxxxxxxx
359,1,No,After,0.77164,PA,xxxxxxxxxxxxx
360,1,No,Before,1.017378,PA,xxxxxxxxxxxxx
361,1,No,After,0.043687,PA,xxxxxxxxxxxxx
362,1,No,Before,0.167039,PA,xxxxxxxxxxxxx
363,1,No,After,0.272572,PA,xxxxxxxxxxxxx
364,5,No,Before,181.198877,PA,xxxxxxxxxxxxx
365,5,No,After,174.479321,PA,xxxxxxxxxxxxx
366,5,No,Before,54.279789,PA,xxxxxxxxxxxxx
367,5,No,After,23.21399565,PA,xxxxxxxxxxxxx
368,4,No,Before,0.287965836,CA,xxxxxxxxxxxxx
369,4,No,After,0.085631311,CA,xxxxxxxxxxxxx
370,4,No,Before,1.51326,PA,xxxxxxxxxxxxx
371,4,No,After,1.090389,PA,xxxxxxxxxxxxx
372,4,No,Before,67.02380903,SC,xxxxxxxxxxxxx
373,4,No,After,46.90938794,SC,xxxxxxxxxxxxx
374,4,No,Before,26.89685071,CA,xxxxxxxxxxxxx
375,4,No,After,38.85064824,CA,xxxxxxxxxxxxx
376,4,No,Before,0.237739261,CA,xxxxxxxxxxxxx
377,4,No,After,0.178411953,CA,xxxxxxxxxxxxx
378,4,No,Before,0.474001857,CA,xxxxxxxxxxxxx
379,4,No,After,0.582923171,CA,xxxxxxxxxxxxx
380,4,No,Before,1.498813463,CA,xxxxxxxxxxxxx
381,4,No,After,2.227745299,CA,xxxxxxxxxxxxx
382,4,No,Before,13.49067993,CA,xxxxxxxxxxxxx
383,4,No,After,2.367463105,CA,xxxxxxxxxxxxx
384,4,No,Before,59.54301459,CA,xxxxxxxxxxxxx
385,4,No,After,59.29839165,CA,xxxxxxxxxxxxx
386,4,No,Before,2.771455009,CA,xxxxxxxxxxxxx
387,4,No,After,0.680994351,CA,xxxxxxxxxxxxx
388,1,No,Before,4.87434574,CA,xxxxxxxxxxxxx
389,1,No,After,0.027160446,CA,xxxxxxxxxxxxx
390,7,No,Before,14.61305822,CA,xxxxxxxxxxxxx
391,7,No,After,8.38748997,CA,xxxxxxxxxxxxx
392,4,No,Before,11.39335912,CA,xxxxxxxxxxxxx
393,4,No,After,3.184187391,CA,xxxxxxxxxxxxx
394,4,No,Before,5.7983303,CA,xxxxxxxxxxxxx
395,4,No,After,4.8949304,CA,xxxxxxxxxxxxx
396,1,No,Before,0.551870761,CA,xxxxxxxxxxxxx
397,1,No,After,0.326047555,CA,xxxxxxxxxxxxx
398,1,No,Before,87.57650731,SC,xxxxxxxxxxxxx
399,1,No,After,75.50636702,SC,xxxxxxxxxxxxx
400,10,No,Before,2.331818262,CA,xxxxxxxxxxxxx
401,10,No,After,0.543913693,CA,xxxxxxxxxxxxx
402,1,No,Before,33.42575376,VA,xxxxxxxxxxxxx
403,1,No,After,30.4520882,VA,xxxxxxxxxxxxx
404,10,No,Before,0.871739917,CA,xxxxxxxxxxxxx
405,10,No,After,45.48117476,CA,xxxxxxxxxxxxx
406,10,No,Before,9.584295,PA,xxxxxxxxxxxxx
407,10,No,After,20.520066,PA,xxxxxxxxxxxxx
408,10,No,Before,13.717428,PA,xxxxxxxxxxxxx
409,10,No,After,49.397904,PA,xxxxxxxxxxxxx
410,4,No,Before,0.041317209,CA,xxxxxxxxxxxxx
411,4,No,After,0.062844116,CA,xxxxxxxxxxxxx
412,4,No,Before,1.317008,PA,xxxxxxxxxxxxx
413,4,No,After,0.105431,PA,xxxxxxxxxxxxx
414,4,No,Before,0.234777,PA,xxxxxxxxxxxxx
415,4,No,After,0.247094,PA,xxxxxxxxxxxxx
416,1,No,Before,7.8670955,CA,xxxxxxxxxxxxx
417,1,No,After,8.5501213,CA,xxxxxxxxxxxxx
418,4,No,Before,45.55099242,CA,xxxxxxxxxxxxx
419,4,No,After,41.34150123,CA,xxxxxxxxxxxxx
420,4,No,Before,45.55099242,CA,xxxxxxxxxxxxx
421,4,No,After,41.34150123,CA,xxxxxxxxxxxxx
422,1,No,Before,3.594358727,CA,xxxxxxxxxxxxx
423,1,No,After,2.715056406,CA,xxxxxxxxxxxxx
424,2,No,Before,25.23643053,SC,xxxxxxxxxxxxx
425,2,No,After,26.33795282,SC,xxxxxxxxxxxxx
426,1,No,Before,4.893977817,SC,xxxxxxxxxxxxx
427,1,No,After,500.2904965,SC,xxxxxxxxxxxxx
428,4,No,Before,100.5806421,SC,xxxxxxxxxxxxx
429,4,No,After,100.4278719,SC,xxxxxxxxxxxxx
430,1,No,Before,100.8206402,SC,xxxxxxxxxxxxx
431,1,No,After,100.1365783,SC,xxxxxxxxxxxxx
432,1,No,Before,41.08130053,SC,xxxxxxxxxxxxx
433,1,No,After,37.30305678,SC,xxxxxxxxxxxxx
434,4,No,Before,4.424681,PA,xxxxxxxxxxxxx
435,4,No,After,3.289654,PA,xxxxxxxxxxxxx
436,4,No,Before,17.78616591,CA,xxxxxxxxxxxxx
437,4,No,After,21.07157158,CA,xxxxxxxxxxxxx
438,4,No,Before,0.58777,CA,xxxxxxxxxxxxx
439,4,No,After,0.287757,CA,xxxxxxxxxxxxx
440,4,No,Before,6.43312685,CA,xxxxxxxxxxxxx
441,4,No,After,6.905739007,CA,xxxxxxxxxxxxx
442,4,No,Before,9.928253256,CA,xxxxxxxxxxxxx
443,4,No,After,8.809762579,CA,xxxxxxxxxxxxx
444,4,No,Before,1.443825442,PA,xxxxxxxxxxxxx
445,4,No,After,1.003914598,PA,xxxxxxxxxxxxx
446,4,No,Before,30.298985,PA,xxxxxxxxxxxxx
447,4,No,After,24.774154,PA,xxxxxxxxxxxxx
448,1,No,Before,160.5476869,SC,xxxxxxxxxxxxx
449,1,No,After,80.83242413,SC,xxxxxxxxxxxxx
450,5,No,Before,12.901931,PA,xxxxxxxxxxxxx
451,5,No,After,1.540972,PA,xxxxxxxxxxxxx
452,4,No,Before,1246.71883,PA,xxxxxxxxxxxxx
453,4,No,After,26.314431,PA,xxxxxxxxxxxxx
454,2,No,Before,0.119868,PA,xxxxxxxxxxxxx
455,2,No,After,0.250652,PA,xxxxxxxxxxxxx
456,1,No,Before,100.0894117,SC,xxxxxxxxxxxxx
457,1,No,After,0.169602734,SC,xxxxxxxxxxxxx
458,2,No,Before,4.800270425,SC,xxxxxxxxxxxxx
459,2,No,After,1.578772708,SC,xxxxxxxxxxxxx
460,5,No,Before,405.23981,PA,xxxxxxxxxxxxx
461,5,No,After,459.374928,PA,xxxxxxxxxxxxx
462,4,No,Before,13.238728,PA,xxxxxxxxxxxxx
463,4,No,After,21.590058,PA,xxxxxxxxxxxxx
464,4,No,Before,24.06751,PA,xxxxxxxxxxxxx
465,4,No,After,166.42416,PA,xxxxxxxxxxxxx
466,4,No,Before,1.2467,CA,xxxxxxxxxxxxx
467,4,No,After,1.93635,CA,xxxxxxxxxxxxx
468,4,No,Before,199.202397,PA,xxxxxxxxxxxxx
469,4,No,After,271.381458,PA,xxxxxxxxxxxxx
470,4,No,Before,0.424808,PA,xxxxxxxxxxxxx
471,4,No,After,0.68352,PA,xxxxxxxxxxxxx
472,5,No,Before,0.212925,PA,xxxxxxxxxxxxx
473,5,No,After,0.30661201,PA,xxxxxxxxxxxxx
474,4,No,Before,1.5332,PA,xxxxxxxxxxxxx
475,4,No,After,5.951918,PA,xxxxxxxxxxxxx
476,4,No,Before,1.15359,PA,xxxxxxxxxxxxx
477,4,No,After,2.66901,PA,xxxxxxxxxxxxx
478,4,No,Before,125.2512777,CA,xxxxxxxxxxxxx
479,4,No,After,138.0527049,CA,xxxxxxxxxxxxx
480,4,No,Before,125.25127,CA,xxxxxxxxxxxxx
481,4,No,After,135.18677,CA,xxxxxxxxxxxxx
482,4,No,Before,0.34433,PA,xxxxxxxxxxxxx
483,4,No,After,0.0546,PA,xxxxxxxxxxxxx
484,4,No,Before,24.0293,PA,xxxxxxxxxxxxx
485,4,No,After,26.29,PA,xxxxxxxxxxxxx
486,4,No,Before,4.07044,FL,xxxxxxxxxxxxx
487,4,No,After,2.28888,FL,xxxxxxxxxxxxx
488,2,No,Before,0.03696,PA,xxxxxxxxxxxxx
489,2,No,After,0.04928,PA,xxxxxxxxxxxxx
490,4,No,Before,61.95189394,FL,xxxxxxxxxxxxx
491,4,No,After,62.461111,FL,xxxxxxxxxxxxx
492,4,No,Before,0.469303327,CA,xxxxxxxxxxxxx
493,4,No,After,1.571353472,CA,xxxxxxxxxxxxx
494,1,No,Before,0.244592,PA,xxxxxxxxxxxxx
495,1,No,After,0.36019,PA,xxxxxxxxxxxxx
496,1,No,Before,43.99018583,SC,xxxxxxxxxxxxx
497,1,No,After,39.18469708,SC,xxxxxxxxxxxxx
498,10,No,Before,10.319879,PA,xxxxxxxxxxxxx
499,10,No,After,3.244709,PA,xxxxxxxxxxxxx
500,4,No,Before,0.751869412,SC,xxxxxxxxxxxxx
501,4,No,After,0.05937353,SC,xxxxxxxxxxxxx
502,1,No,Before,0.002885062,SC,xxxxxxxxxxxxx
503,1,No,After,0.001425823,SC,xxxxxxxxxxxxx
504,4,No,Before,0.000941964,SC,xxxxxxxxxxxxx
505,4,No,After,0.001857114,SC,xxxxxxxxxxxxx
506,4,No,Before,0.070748486,SC,xxxxxxxxxxxxx
507,4,No,After,0.010466488,SC,xxxxxxxxxxxxx
508,4,No,Before,0.501620129,SC,xxxxxxxxxxxxx
509,4,No,After,1.607304583,SC,xxxxxxxxxxxxx
510,4,No,Before,159.5148312,PA,xxxxxxxxxxxxx
511,4,No,After,192.9926243,PA,xxxxxxxxxxxxx
512,4,No,Before,207.231396,PA,xxxxxxxxxxxxx
513,4,No,After,125.465688,PA,xxxxxxxxxxxxx
514,1,No,Before,0.132726224,SC,xxxxxxxxxxxxx
515,1,No,After,0.122332724,SC,xxxxxxxxxxxxx
516,4,No,Before,18.63243723,CA,xxxxxxxxxxxxx
517,4,No,After,37.75788949,CA,xxxxxxxxxxxxx
518,4,No,Before,96.315872,TX,xxxxxxxxxxxxx
519,4,No,After,50.691467,TX,xxxxxxxxxxxxx
520,4,No,Before,0.073718148,PA,xxxxxxxxxxxxx
521,4,No,After,0.027096386,PA,xxxxxxxxxxxxx
522,4,No,Before,35.280636,TX,xxxxxxxxxxxxx
523,4,No,After,12.124481,TX,xxxxxxxxxxxxx
524,4,No,Before,33.481084,PA,xxxxxxxxxxxxx
525,4,No,After,8.950073,PA,xxxxxxxxxxxxx
526,4,No,Before,110.222168,PA,xxxxxxxxxxxxx
527,4,No,After,45.108552,PA,xxxxxxxxxxxxx
528,4,No,Before,0.173145,PA,xxxxxxxxxxxxx
529,4,No,After,1.07032,PA,xxxxxxxxxxxxx
530,4,No,Before,25.641366,PA,xxxxxxxxxxxxx
531,4,No,After,171.911256,PA,xxxxxxxxxxxxx
532,4,No,Before,44.5798,PA,xxxxxxxxxxxxx
533,4,No,After,102.631961,PA,xxxxxxxxxxxxx
534,4,No,Before,1.146349256,PA,xxxxxxxxxxxxx
535,4,No,After,1.269711609,PA,xxxxxxxxxxxxx
536,4,No,Before,5.514796,PA,xxxxxxxxxxxxx
537,4,No,After,17.011906,PA,xxxxxxxxxxxxx
538,5,No,Before,0.005441342,CA,xxxxxxxxxxxxx
539,5,No,After,0.011620828,CA,xxxxxxxxxxxxx
540,4,No,Before,0.004565221,CA,xxxxxxxxxxxxx
541,4,No,After,0.224602497,CA,xxxxxxxxxxxxx
542,4,No,Before,0.015436434,SC,xxxxxxxxxxxxx
543,4,No,After,0.011793075,SC,xxxxxxxxxxxxx
544,10,No,Before,3.286668565,PA,xxxxxxxxxxxxx
545,10,No,After,1.195984549,PA,xxxxxxxxxxxxx
546,1,No,Before,31.6077404,CA,xxxxxxxxxxxxx
547,1,No,After,8.394427023,CA,xxxxxxxxxxxxx
548,4,No,Before,10.1467505,CA,xxxxxxxxxxxxx
549,4,No,After,20.45735043,CA,xxxxxxxxxxxxx
550,4,No,Before,7.996222922,CA,xxxxxxxxxxxxx
551,4,No,After,8.420285784,CA,xxxxxxxxxxxxx
552,4,No,Before,7.996222922,CA,xxxxxxxxxxxxx
553,4,No,After,8.420285784,CA,xxxxxxxxxxxxx
554,4,No,Before,3.747445,PA,xxxxxxxxxxxxx
555,4,No,After,1.22786,PA,xxxxxxxxxxxxx
556,1,No,Before,330.0737184,SC,xxxxxxxxxxxxx
557,1,No,After,166.6554105,SC,xxxxxxxxxxxxx
558,4,No,Before,163.9535828,CA,xxxxxxxxxxxxx
559,4,No,After,174.0835091,CA,xxxxxxxxxxxxx
560,7,No,Before,163.9535828,CA,xxxxxxxxxxxxx
561,7,No,After,174.0835091,CA,xxxxxxxxxxxxx
562,4,No,Before,11.540681,CA,xxxxxxxxxxxxx
563,4,No,After,12.027675,CA,xxxxxxxxxxxxx
564,1,No,Before,2.688079061,SC,xxxxxxxxxxxxx
565,1,No,After,9.06821206,SC,xxxxxxxxxxxxx
566,10,No,Before,17.357968,PA,xxxxxxxxxxxxx
567,10,No,After,23.974907,PA,xxxxxxxxxxxxx
568,5,No,Before,1.237191494,CA,xxxxxxxxxxxxx
569,5,No,After,2.678239745,CA,xxxxxxxxxxxxx
570,5,No,Before,1.237191494,CA,xxxxxxxxxxxxx
571,5,No,After,2.678239745,CA,xxxxxxxxxxxxx
572,4,No,Before,17.77960762,CA,xxxxxxxxxxxxx
573,4,No,After,5.057374559,CA,xxxxxxxxxxxxx
574,7,No,Before,250.147098,PA,xxxxxxxxxxxxx
575,7,No,After,490.621259,PA,xxxxxxxxxxxxx
576,4,No,Before,180.1190799,TX,xxxxxxxxxxxxx
577,4,No,After,404.615275,TX,xxxxxxxxxxxxx
578,4,No,Before,22.005965,PA,xxxxxxxxxxxxx
579,4,No,After,32.611619,PA,xxxxxxxxxxxxx
580,4,No,Before,205.2448901,CA,xxxxxxxxxxxxx
581,4,No,After,184.1806945,CA,xxxxxxxxxxxxx
582,4,No,Before,0.002664877,CA,xxxxxxxxxxxxx
583,4,No,After,0.002393416,CA,xxxxxxxxxxxxx
584,4,No,Before,17.138045,PA,xxxxxxxxxxxxx
585,4,No,After,18.110884,PA,xxxxxxxxxxxxx
586,2,No,Before,0.2487,PA,xxxxxxxxxxxxx
587,2,No,After,0.038481,PA,xxxxxxxxxxxxx
588,4,No,Before,54.97024879,CA,xxxxxxxxxxxxx
589,4,No,After,91.64714886,CA,xxxxxxxxxxxxx
590,1,No,Before,0.877178,PA,xxxxxxxxxxxxx
591,1,No,After,0.576427,PA,xxxxxxxxxxxxx
592,4,No,Before,2.2314999,PA,xxxxxxxxxxxxx
593,4,No,After,2.3031421,PA,xxxxxxxxxxxxx
594,2,No,Before,23.32202019,SC,xxxxxxxxxxxxx
595,2,No,After,14.90972487,SC,xxxxxxxxxxxxx
596,1,No,Before,102.4464631,SC,xxxxxxxxxxxxx
597,1,No,After,99.89595637,SC,xxxxxxxxxxxxx
598,4,No,Before,0.876698,PA,xxxxxxxxxxxxx
599,4,No,After,15.45827,PA,xxxxxxxxxxxxx
600,1,No,Before,2.351442,PA,xxxxxxxxxxxxx
601,1,No,After,1.700653,PA,xxxxxxxxxxxxx
602,4,No,Before,1.176361997,PA,xxxxxxxxxxxxx
603,4,No,After,2.236095362,PA,xxxxxxxxxxxxx
604,4,No,Before,1.176361997,PA,xxxxxxxxxxxxx
605,4,No,After,2.236095362,PA,xxxxxxxxxxxxx
606,4,No,Before,1.468543,PA,xxxxxxxxxxxxx
607,4,No,After,1.512173,PA,xxxxxxxxxxxxx
608,4,No,Before,5.732204721,CA,xxxxxxxxxxxxx
609,4,No,After,2.585188097,CA,xxxxxxxxxxxxx
610,4,No,Before,470.992086,PA,xxxxxxxxxxxxx
611,4,No,After,778.401182,PA,xxxxxxxxxxxxx
612,2,No,Before,0.895762,PA,xxxxxxxxxxxxx
613,2,No,After,57.541471,PA,xxxxxxxxxxxxx
614,4,No,Before,2.816478058,CA,xxxxxxxxxxxxx
615,4,No,After,1.588427677,CA,xxxxxxxxxxxxx
616,2,No,Before,158.8382057,SC,xxxxxxxxxxxxx
617,2,No,After,160.9145871,SC,xxxxxxxxxxxxx
618,1,No,Before,86.26813001,SC,xxxxxxxxxxxxx
619,1,No,After,125.591022,SC,xxxxxxxxxxxxx
620,4,No,Before,216.651886,PA,xxxxxxxxxxxxx
621,4,No,After,38.892941,PA,xxxxxxxxxxxxx
622,4,No,Before,0.300255791,CA,xxxxxxxxxxxxx
623,4,No,After,0.064625131,CA,xxxxxxxxxxxxx
624,1,No,Before,1.449113543,CA,xxxxxxxxxxxxx
625,1,No,After,6.953028825,CA,xxxxxxxxxxxxx
626,4,No,Before,0.034221233,CA,xxxxxxxxxxxxx
627,4,No,After,0.076973244,CA,xxxxxxxxxxxxx
628,1,No,Before,0.469630922,CA,xxxxxxxxxxxxx
629,1,No,After,0.837929733,CA,xxxxxxxxxxxxx
630,1,No,Before,3.708666951,CA,xxxxxxxxxxxxx
631,1,No,After,3.173604514,CA,xxxxxxxxxxxxx
632,4,No,Before,0.212554976,CA,xxxxxxxxxxxxx
633,4,No,After,0.019279094,CA,xxxxxxxxxxxxx
634,1,No,Before,10.97416632,CA,xxxxxxxxxxxxx
635,1,No,After,10.8829006,CA,xxxxxxxxxxxxx
636,4,No,Before,0.072801307,CA,xxxxxxxxxxxxx
637,4,No,After,0.039500722,CA,xxxxxxxxxxxxx
638,4,No,Before,0.146196606,CA,xxxxxxxxxxxxx
639,4,No,After,2.136764687,CA,xxxxxxxxxxxxx
640,4,No,Before,0.222811281,CA,xxxxxxxxxxxxx
641,4,No,After,0.281670889,CA,xxxxxxxxxxxxx
642,4,No,Before,0.458394317,CA,xxxxxxxxxxxxx
643,4,No,After,0.353710556,CA,xxxxxxxxxxxxx
644,4,No,Before,0.255434622,CA,xxxxxxxxxxxxx
645,4,No,After,0.166679998,CA,xxxxxxxxxxxxx
646,4,No,Before,67.691307,CA,xxxxxxxxxxxxx
647,4,No,After,66.730095,CA,xxxxxxxxxxxxx
648,4,No,Before,0.103266329,CA,xxxxxxxxxxxxx
649,4,No,After,0.129833871,CA,xxxxxxxxxxxxx
650,10,No,Before,29.66902994,CA,xxxxxxxxxxxxx
651,10,No,After,56.18797022,CA,xxxxxxxxxxxxx
652,4,No,Before,1.14163249,CA,xxxxxxxxxxxxx
653,4,No,After,1.731195813,CA,xxxxxxxxxxxxx
654,10,No,Before,86.17664511,CA,xxxxxxxxxxxxx
655,10,No,After,117.508002,CA,xxxxxxxxxxxxx
656,2,No,Before,18.684932,PA,xxxxxxxxxxxxx
657,2,No,After,16.774179,PA,xxxxxxxxxxxxx
658,1,No,Before,1.151592627,SC,xxxxxxxxxxxxx
659,1,No,After,1.459825387,SC,xxxxxxxxxxxxx
660,4,No,Before,0.641094317,CA,xxxxxxxxxxxxx
661,4,No,After,2.813522809,CA,xxxxxxxxxxxxx
662,4,No,Before,43.9376855,TX,xxxxxxxxxxxxx
663,4,No,After,27.17662662,TX,xxxxxxxxxxxxx
664,1,No,Before,11.58850051,VA,xxxxxxxxxxxxx
665,1,No,After,2.022103291,VA,xxxxxxxxxxxxx
666,10,No,Before,2.7149999,PA,xxxxxxxxxxxxx
667,10,No,After,0.125,PA,xxxxxxxxxxxxx
668,4,No,Before,5.316253948,CA,xxxxxxxxxxxxx
669,4,No,After,1.127820951,CA,xxxxxxxxxxxxx
670,1,No,Before,5.794596861,CA,xxxxxxxxxxxxx
671,1,No,After,4.399868118,CA,xxxxxxxxxxxxx
672,4,No,Before,56.707621,PA,xxxxxxxxxxxxx
673,4,No,After,107.329916,PA,xxxxxxxxxxxxx
674,4,No,Before,56.707621,PA,xxxxxxxxxxxxx
675,4,No,After,107.329916,PA,xxxxxxxxxxxxx
676,4,No,Before,65.98550574,CA,xxxxxxxxxxxxx
677,4,No,After,59.87327377,CA,xxxxxxxxxxxxx
678,1,No,Before,2.758741725,PA,xxxxxxxxxxxxx
679,1,No,After,2.681229855,PA,xxxxxxxxxxxxx
680,4,No,Before,131.2312825,SC,xxxxxxxxxxxxx
681,4,No,After,121.4396829,SC,xxxxxxxxxxxxx
682,4,No,Before,0.996616494,CA,xxxxxxxxxxxxx
683,4,No,After,0.260827628,CA,xxxxxxxxxxxxx
684,4,No,Before,3.590201594,CA,xxxxxxxxxxxxx
685,4,No,After,4.73934747,CA,xxxxxxxxxxxxx
686,10,No,Before,0.91348487,CA,xxxxxxxxxxxxx
687,10,No,After,0.98361933,CA,xxxxxxxxxxxxx
688,10,No,Before,0.16416,PA,xxxxxxxxxxxxx
689,10,No,After,0.328815,PA,xxxxxxxxxxxxx
690,4,No,Before,2.028373101,CA,xxxxxxxxxxxxx
691,4,No,After,3.397264777,CA,xxxxxxxxxxxxx
692,4,No,Before,45.158852,PA,xxxxxxxxxxxxx
693,4,No,After,64.875806,PA,xxxxxxxxxxxxx
694,4,No,Before,0.158837,PA,xxxxxxxxxxxxx
695,4,No,After,0.106723,PA,xxxxxxxxxxxxx
696,4,No,Before,85.010216,VA,xxxxxxxxxxxxx
697,4,No,After,43.23632,VA,xxxxxxxxxxxxx
698,4,No,Before,0.549083059,SC,xxxxxxxxxxxxx
699,4,No,After,0.830359345,SC,xxxxxxxxxxxxx
700,4,Yes,Before,34.26701284,CA,xxxxxxxxxxxxx
701,4,Yes,After,450.7763078,CA,xxxxxxxxxxxxx
702,5,Yes,Before,23.06205836,CA,xxxxxxxxxxxxx
703,5,Yes,After,240.6272492,CA,xxxxxxxxxxxxx
704,5,Yes,Before,9.746017233,CA,xxxxxxxxxxxxx
705,5,Yes,After,100.5742711,CA,xxxxxxxxxxxxx
706,1,Yes,Before,15.00675323,CA,xxxxxxxxxxxxx
707,1,Yes,After,16.29737201,CA,xxxxxxxxxxxxx
708,4,Yes,Before,28.99628072,CA,xxxxxxxxxxxxx
709,4,Yes,After,160.2255721,CA,xxxxxxxxxxxxx
710,4,Yes,Before,1.391896459,CA,xxxxxxxxxxxxx
711,4,Yes,After,500.0296373,CA,xxxxxxxxxxxxx
712,4,Yes,Before,181.0166835,CA,xxxxxxxxxxxxx
713,4,Yes,After,194.6174622,CA,xxxxxxxxxxxxx
714,3,Yes,Before,6.3086338,CA,xxxxxxxxxxxxx
715,3,Yes,After,490.8223165,CA,xxxxxxxxxxxxx
716,5,Yes,Before,10.72303862,CA,xxxxxxxxxxxxx
717,5,Yes,After,90.03271389,CA,xxxxxxxxxxxxx
718,4,Yes,Before,369.5722977,CA,xxxxxxxxxxxxx
719,4,Yes,After,223.7367597,CA,xxxxxxxxxxxxx
720,4,Yes,Before,369.5722977,CA,xxxxxxxxxxxxx
721,4,Yes,After,223.7367597,CA,xxxxxxxxxxxxx
722,10,Yes,Before,42.2948467,CA,xxxxxxxxxxxxx
723,10,Yes,After,36.84682408,CA,xxxxxxxxxxxxx
724,4,Yes,Before,0.207093644,CA,xxxxxxxxxxxxx
725,4,Yes,After,100.0242591,CA,xxxxxxxxxxxxx
726,4,Yes,Before,51.51640714,TX,xxxxxxxxxxxxx
727,4,Yes,After,258.1661254,TX,xxxxxxxxxxxxx
728,4,Yes,Before,406.3900309,CA,xxxxxxxxxxxxx
729,4,Yes,After,457.2644979,CA,xxxxxxxxxxxxx
730,1,Yes,Before,158.3791176,CA,xxxxxxxxxxxxx
731,1,Yes,After,142.9446981,CA,xxxxxxxxxxxxx
732,1,Yes,Before,158.3791176,CA,xxxxxxxxxxxxx
733,1,Yes,After,142.9446981,CA,xxxxxxxxxxxxx
734,4,Yes,Before,498.2750693,CA,xxxxxxxxxxxxx
735,4,Yes,After,680.0985532,CA,xxxxxxxxxxxxx
736,4,Yes,Before,214.1564642,CA,xxxxxxxxxxxxx
737,4,Yes,After,177.0051134,CA,xxxxxxxxxxxxx
738,4,Yes,Before,14.843826,CA,xxxxxxxxxxxxx
739,4,Yes,After,14.118918,CA,xxxxxxxxxxxxx
740,1,Yes,Before,34.61990172,CA,xxxxxxxxxxxxx
741,1,Yes,After,64.00072419,CA,xxxxxxxxxxxxx
742,4,Yes,Before,554.8924291,CA,xxxxxxxxxxxxx
743,4,Yes,After,354.1063216,CA,xxxxxxxxxxxxx
744,4,Yes,Before,7.060737455,CA,xxxxxxxxxxxxx
745,4,Yes,After,70.64414983,CA,xxxxxxxxxxxxx
746,4,Yes,Before,240.299382,CA,xxxxxxxxxxxxx
747,4,Yes,After,266.7494952,CA,xxxxxxxxxxxxx
748,4,Yes,Before,77.80622577,CA,xxxxxxxxxxxxx
749,4,Yes,After,113.5704542,CA,xxxxxxxxxxxxx
750,4,Yes,Before,4.302755803,CA,xxxxxxxxxxxxx
751,4,Yes,After,50.08015021,CA,xxxxxxxxxxxxx
752,7,Yes,Before,397.8667197,CA,xxxxxxxxxxxxx
753,7,Yes,After,299.3159386,CA,xxxxxxxxxxxxx
754,4,Yes,Before,6.8428774,CA,xxxxxxxxxxxxx
755,4,Yes,After,6.5818439,CA,xxxxxxxxxxxxx
756,10,Yes,Before,1002.23767,CA,xxxxxxxxxxxxx
757,10,Yes,After,890.5661588,CA,xxxxxxxxxxxxx
758,7,Yes,Before,15.16320129,CA,xxxxxxxxxxxxx
759,7,Yes,After,16.97554481,CA,xxxxxxxxxxxxx
760,4,Yes,Before,3.603921803,CA,xxxxxxxxxxxxx
761,4,Yes,After,1.780754691,CA,xxxxxxxxxxxxx
762,4,Yes,Before,0.852795489,CA,xxxxxxxxxxxxx
763,4,Yes,After,1.290686967,CA,xxxxxxxxxxxxx
764,4,Yes,Before,6.967394139,CA,xxxxxxxxxxxxx
765,4,Yes,After,3.940681653,CA,xxxxxxxxxxxxx
766,4,Yes,Before,30.67820663,CA,xxxxxxxxxxxxx
767,4,Yes,After,60.55651794,CA,xxxxxxxxxxxxx
768,4,Yes,Before,15.842555,CA,xxxxxxxxxxxxx
769,4,Yes,After,14.519391,CA,xxxxxxxxxxxxx
770,1,Yes,Before,114.76067,CA,xxxxxxxxxxxxx
771,1,Yes,After,121.04535,CA,xxxxxxxxxxxxx
772,2,Yes,Before,31.64829478,CA,xxxxxxxxxxxxx
773,2,Yes,After,40.04387576,CA,xxxxxxxxxxxxx
774,4,Yes,Before,9.4823942,CA,xxxxxxxxxxxxx
775,4,Yes,After,5.5207372,CA,xxxxxxxxxxxxx
776,1,Yes,Before,2.667242521,PA,xxxxxxxxxxxxx
777,1,Yes,After,125.1943545,PA,xxxxxxxxxxxxx
778,5,Yes,Before,0.639371887,PA,xxxxxxxxxxxxx
779,5,Yes,After,125.7530955,PA,xxxxxxxxxxxxx
780,4,Yes,Before,0.260701,PA,xxxxxxxxxxxxx
781,4,Yes,After,125.33104,PA,xxxxxxxxxxxxx
782,4,Yes,Before,19.12950914,PA,xxxxxxxxxxxxx
783,4,Yes,After,35.67064194,PA,xxxxxxxxxxxxx
784,5,Yes,Before,12.423693,PA,xxxxxxxxxxxxx
785,5,Yes,After,115.0486794,PA,xxxxxxxxxxxxx
786,4,Yes,Before,233.3635136,PA,xxxxxxxxxxxxx
787,4,Yes,After,269.6607199,PA,xxxxxxxxxxxxx
788,4,Yes,Before,54.70054136,PA,xxxxxxxxxxxxx
789,4,Yes,After,88.08632618,PA,xxxxxxxxxxxxx
790,4,Yes,Before,1.063527766,PA,xxxxxxxxxxxxx
791,4,Yes,After,125.0772169,PA,xxxxxxxxxxxxx
792,4,Yes,Before,18.711145,PA,xxxxxxxxxxxxx
793,4,Yes,After,225.935921,PA,xxxxxxxxxxxxx
794,5,Yes,Before,14.06008,PA,xxxxxxxxxxxxx
795,5,Yes,After,85.349082,PA,xxxxxxxxxxxxx
796,2,Yes,Before,5.990342,PA,xxxxxxxxxxxxx
797,2,Yes,After,55.391315,PA,xxxxxxxxxxxxx
798,2,Yes,Before,3.654277,PA,xxxxxxxxxxxxx
799,2,Yes,After,115.432077,PA,xxxxxxxxxxxxx
800,10,Yes,Before,96.886184,PA,xxxxxxxxxxxxx
801,10,Yes,After,539.155776,PA,xxxxxxxxxxxxx
802,3,Yes,Before,25.169402,PA,xxxxxxxxxxxxx
803,3,Yes,After,59.183554,PA,xxxxxxxxxxxxx
804,4,Yes,Before,8.604389,PA,xxxxxxxxxxxxx
805,4,Yes,After,55.866958,PA,xxxxxxxxxxxxx
806,4,Yes,Before,13.511255,PA,xxxxxxxxxxxxx
807,4,Yes,After,95.028598,PA,xxxxxxxxxxxxx
808,4,Yes,Before,36.342558,PA,xxxxxxxxxxxxx
809,4,Yes,After,54.781087,PA,xxxxxxxxxxxxx
810,2,Yes,Before,12.434443,PA,xxxxxxxxxxxxx
811,2,Yes,After,165.607598,PA,xxxxxxxxxxxxx
812,4,Yes,Before,40.603039,PA,xxxxxxxxxxxxx
813,4,Yes,After,56.923138,PA,xxxxxxxxxxxxx
814,2,Yes,Before,91.319231,PA,xxxxxxxxxxxxx
815,2,Yes,After,106.277562,PA,xxxxxxxxxxxxx
816,10,Yes,Before,18.284717,PA,xxxxxxxxxxxxx
817,10,Yes,After,28.441246,PA,xxxxxxxxxxxxx
818,5,Yes,Before,30.400449,PA,xxxxxxxxxxxxx
819,5,Yes,After,59.310432,PA,xxxxxxxxxxxxx
820,1,Yes,Before,110.324246,PA,xxxxxxxxxxxxx
821,1,Yes,After,280.354126,PA,xxxxxxxxxxxxx
822,1,Yes,Before,0.366582,PA,xxxxxxxxxxxxx
823,1,Yes,After,125.140069,PA,xxxxxxxxxxxxx
824,1,Yes,Before,5.017494,PA,xxxxxxxxxxxxx
825,1,Yes,After,125.552004,PA,xxxxxxxxxxxxx
826,5,Yes,Before,77.895644,PA,xxxxxxxxxxxxx
827,5,Yes,After,125.062444,PA,xxxxxxxxxxxxx
828,4,Yes,Before,1.363495,PA,xxxxxxxxxxxxx
829,4,Yes,After,425.47264,PA,xxxxxxxxxxxxx
830,5,Yes,Before,2.672608,PA,xxxxxxxxxxxxx
831,5,Yes,After,325.359077,PA,xxxxxxxxxxxxx
832,2,Yes,Before,32.842289,PA,xxxxxxxxxxxxx
833,2,Yes,After,75.782768,PA,xxxxxxxxxxxxx
834,1,Yes,Before,3.816929,PA,xxxxxxxxxxxxx
835,1,Yes,After,125.727212,PA,xxxxxxxxxxxxx
836,2,Yes,Before,52.271491,PA,xxxxxxxxxxxxx
837,2,Yes,After,64.458441,PA,xxxxxxxxxxxxx
838,10,Yes,Before,35.216576,PA,xxxxxxxxxxxxx
839,10,Yes,After,128.864644,PA,xxxxxxxxxxxxx
840,5,Yes,Before,133.511025,PA,xxxxxxxxxxxxx
841,5,Yes,After,377.137559,PA,xxxxxxxxxxxxx
842,4,Yes,Before,16.553708,PA,xxxxxxxxxxxxx
843,4,Yes,After,39.218821,PA,xxxxxxxxxxxxx
844,4,Yes,Before,24.867418,PA,xxxxxxxxxxxxx
845,4,Yes,After,46.919889,PA,xxxxxxxxxxxxx
846,4,Yes,Before,140.792412,PA,xxxxxxxxxxxxx
847,4,Yes,After,70.041719,PA,xxxxxxxxxxxxx
848,10,Yes,Before,5.844946,PA,xxxxxxxxxxxxx
849,10,Yes,After,125.734647,PA,xxxxxxxxxxxxx
850,5,Yes,Before,9.24147,PA,xxxxxxxxxxxxx
851,5,Yes,After,35.958331,PA,xxxxxxxxxxxxx
852,10,Yes,Before,0.092452,PA,xxxxxxxxxxxxx
853,10,Yes,After,125.07545,PA,xxxxxxxxxxxxx
854,10,Yes,Before,4.90426,PA,xxxxxxxxxxxxx
855,10,Yes,After,45.680696,PA,xxxxxxxxxxxxx
856,1,Yes,Before,0.318375,PA,xxxxxxxxxxxxx
857,1,Yes,After,65.469209,PA,xxxxxxxxxxxxx
858,10,Yes,Before,21.233703,PA,xxxxxxxxxxxxx
859,10,Yes,After,37.786964,PA,xxxxxxxxxxxxx
860,4,Yes,Before,6.09775,PA,xxxxxxxxxxxxx
861,4,Yes,After,115.73554,PA,xxxxxxxxxxxxx
862,4,Yes,Before,36.936584,PA,xxxxxxxxxxxxx
863,4,Yes,After,49.922251,PA,xxxxxxxxxxxxx
864,4,Yes,Before,678.711259,PA,xxxxxxxxxxxxx
865,4,Yes,After,776.956837,PA,xxxxxxxxxxxxx
866,5,Yes,Before,27.637978,PA,xxxxxxxxxxxxx
867,5,Yes,After,47.87534,PA,xxxxxxxxxxxxx
868,4,Yes,Before,9.036904,PA,xxxxxxxxxxxxx
869,4,Yes,After,125.353144,PA,xxxxxxxxxxxxx
870,4,Yes,Before,310.670062,PA,xxxxxxxxxxxxx
871,4,Yes,After,309.093623,PA,xxxxxxxxxxxxx
872,1,Yes,Before,53.00323,PA,xxxxxxxxxxxxx
873,1,Yes,After,63.800168,PA,xxxxxxxxxxxxx
874,5,Yes,Before,59.403819,PA,xxxxxxxxxxxxx
875,5,Yes,After,86.835059,PA,xxxxxxxxxxxxx
876,1,Yes,Before,151.275444,PA,xxxxxxxxxxxxx
877,1,Yes,After,238.056308,PA,xxxxxxxxxxxxx
878,4,Yes,Before,59.46927,PA,xxxxxxxxxxxxx
879,4,Yes,After,59.669637,PA,xxxxxxxxxxxxx
880,7,Yes,Before,59.46927,PA,xxxxxxxxxxxxx
881,7,Yes,After,59.669637,PA,xxxxxxxxxxxxx
882,4,Yes,Before,82.28095,PA,xxxxxxxxxxxxx
883,4,Yes,After,46.974861,PA,xxxxxxxxxxxxx
884,1,Yes,Before,0.27576798,PA,xxxxxxxxxxxxx
885,1,Yes,After,25.45739502,PA,xxxxxxxxxxxxx
886,5,Yes,Before,703.8896675,PA,xxxxxxxxxxxxx
887,5,Yes,After,887.501702,PA,xxxxxxxxxxxxx
888,5,Yes,Before,15.063863,PA,xxxxxxxxxxxxx
889,5,Yes,After,195.862042,PA,xxxxxxxxxxxxx
890,2,Yes,Before,11.626749,PA,xxxxxxxxxxxxx
891,2,Yes,After,115.843053,PA,xxxxxxxxxxxxx
892,5,Yes,Before,182.215645,PA,xxxxxxxxxxxxx
893,5,Yes,After,252.461422,PA,xxxxxxxxxxxxx
894,7,Yes,Before,28.312158,PA,xxxxxxxxxxxxx
895,7,Yes,After,63.6789,PA,xxxxxxxxxxxxx
896,5,Yes,Before,70.814675,PA,xxxxxxxxxxxxx
897,5,Yes,After,79.333561,PA,xxxxxxxxxxxxx
898,2,Yes,Before,91.226815,PA,xxxxxxxxxxxxx
899,2,Yes,After,108.147433,PA,xxxxxxxxxxxxx
900,5,Yes,Before,12.405779,PA,xxxxxxxxxxxxx
901,5,Yes,After,49.149817,PA,xxxxxxxxxxxxx
902,5,Yes,Before,25.735216,PA,xxxxxxxxxxxxx
903,5,Yes,After,58.607513,PA,xxxxxxxxxxxxx
904,1,Yes,Before,8.931809,PA,xxxxxxxxxxxxx
905,1,Yes,After,65.244587,PA,xxxxxxxxxxxxx
906,7,Yes,Before,8.931809,PA,xxxxxxxxxxxxx
907,7,Yes,After,65.244587,PA,xxxxxxxxxxxxx
908,2,Yes,Before,54.810466,PA,xxxxxxxxxxxxx
909,2,Yes,After,159.402618,PA,xxxxxxxxxxxxx
910,7,Yes,Before,54.810466,PA,xxxxxxxxxxxxx
911,7,Yes,After,159.402618,PA,xxxxxxxxxxxxx
912,4,Yes,Before,300.837519,CA,xxxxxxxxxxxxx
913,4,Yes,After,328.4531717,CA,xxxxxxxxxxxxx
914,4,Yes,Before,3.995106097,CA,xxxxxxxxxxxxx
915,4,Yes,After,30.46412939,CA,xxxxxxxxxxxxx
916,4,Yes,Before,3.995106097,CA,xxxxxxxxxxxxx
917,4,Yes,After,3.46412939,CA,xxxxxxxxxxxxx
918,4,Yes,Before,255.8417105,CA,xxxxxxxxxxxxx
919,4,Yes,After,664.4877403,CA,xxxxxxxxxxxxx
920,4,Yes,Before,255.8417105,CA,xxxxxxxxxxxxx
921,4,Yes,After,664.4877403,CA,xxxxxxxxxxxxx
922,2,Yes,Before,88.091736,PA,xxxxxxxxxxxxx
923,2,Yes,After,130.99655,PA,xxxxxxxxxxxxx
924,5,Yes,Before,1.6501009,PA,xxxxxxxxxxxxx
925,5,Yes,After,28.096812,PA,xxxxxxxxxxxxx
926,2,Yes,Before,1.838006,PA,xxxxxxxxxxxxx
927,2,Yes,After,27.06083,PA,xxxxxxxxxxxxx
928,2,Yes,Before,169.5114401,CA,xxxxxxxxxxxxx
929,2,Yes,After,230.4195132,CA,xxxxxxxxxxxxx
930,5,Yes,Before,1.10461,CA,xxxxxxxxxxxxx
931,5,Yes,After,10.15435,CA,xxxxxxxxxxxxx
932,4,Yes,Before,1.478755,CA,xxxxxxxxxxxxx
933,4,Yes,After,1.1667759,CA,xxxxxxxxxxxxx
934,3,Yes,Before,7.155425894,CA,xxxxxxxxxxxxx
935,3,Yes,After,14.02783567,CA,xxxxxxxxxxxxx
936,4,Yes,Before,8.8146191,CA,xxxxxxxxxxxxx
937,4,Yes,After,7.1757936,CA,xxxxxxxxxxxxx
938,3,Yes,Before,3.427279,PA,xxxxxxxxxxxxx
939,3,Yes,After,125.105792,PA,xxxxxxxxxxxxx
940,4,Yes,Before,63.53734439,CA,xxxxxxxxxxxxx
941,4,Yes,After,87.24015067,CA,xxxxxxxxxxxxx
942,4,Yes,Before,8.0703468,CA,xxxxxxxxxxxxx
943,4,Yes,After,11.122991,CA,xxxxxxxxxxxxx
944,5,Yes,Before,686.4965372,CA,xxxxxxxxxxxxx
945,5,Yes,After,730.5959941,CA,xxxxxxxxxxxxx
946,5,Yes,Before,686.4965372,CA,xxxxxxxxxxxxx
947,5,Yes,After,730.5959941,CA,xxxxxxxxxxxxx
948,5,Yes,Before,686.4965372,CA,xxxxxxxxxxxxx
949,5,Yes,After,730.5959941,CA,xxxxxxxxxxxxx
950,4,Yes,Before,31.14297449,CA,xxxxxxxxxxxxx
951,4,Yes,After,34.53787526,CA,xxxxxxxxxxxxx
952,4,Yes,Before,133.52396,CA,xxxxxxxxxxxxx
953,4,Yes,After,151.36203,CA,xxxxxxxxxxxxx
954,7,Yes,Before,140.7076372,CA,xxxxxxxxxxxxx
955,7,Yes,After,166.4461245,CA,xxxxxxxxxxxxx
956,4,Yes,Before,6.346013102,CA,xxxxxxxxxxxxx
957,4,Yes,After,6.333660045,CA,xxxxxxxxxxxxx
958,10,Yes,Before,23.918241,PA,xxxxxxxxxxxxx
959,10,Yes,After,44.377824,PA,xxxxxxxxxxxxx
960,4,Yes,Before,1.789382879,CA,xxxxxxxxxxxxx
961,4,Yes,After,2.077758879,CA,xxxxxxxxxxxxx
962,3,Yes,Before,1.8893881,VA,xxxxxxxxxxxxx
963,3,Yes,After,1.535164,VA,xxxxxxxxxxxxx
964,4,Yes,Before,90.39249494,PA,xxxxxxxxxxxxx
965,4,Yes,After,99.8706611,PA,xxxxxxxxxxxxx
966,1,Yes,Before,42.612443,PA,xxxxxxxxxxxxx
967,1,Yes,After,65.038047,PA,xxxxxxxxxxxxx
968,5,Yes,Before,8.778597,PA,xxxxxxxxxxxxx
969,5,Yes,After,26.794454,PA,xxxxxxxxxxxxx
970,1,Yes,Before,259.063038,PA,xxxxxxxxxxxxx
971,1,Yes,After,204.38788,PA,xxxxxxxxxxxxx
972,1,Yes,Before,141.0975069,SC,xxxxxxxxxxxxx
973,1,Yes,After,443.6873985,SC,xxxxxxxxxxxxx
974,4,Yes,Before,11.192255,PA,xxxxxxxxxxxxx
975,4,Yes,After,48.859004,PA,xxxxxxxxxxxxx
976,4,Yes,Before,4.2175679,CA,xxxxxxxxxxxxx
977,4,Yes,After,4.363308,CA,xxxxxxxxxxxxx
978,4,Yes,Before,2.283875996,FL,xxxxxxxxxxxxx
979,4,Yes,After,0.112924139,FL,xxxxxxxxxxxxx
980,4,Yes,Before,0.511282487,SC,xxxxxxxxxxxxx
981,4,Yes,After,100.5395712,SC,xxxxxxxxxxxxx
982,4,Yes,Before,1.306884156,SC,xxxxxxxxxxxxx
983,4,Yes,After,100.3752953,SC,xxxxxxxxxxxxx
984,1,Yes,Before,6.291752175,CA,xxxxxxxxxxxxx
985,1,Yes,After,6.962978834,CA,xxxxxxxxxxxxx
986,1,Yes,Before,4.573198,PA,xxxxxxxxxxxxx
987,1,Yes,After,28.031789,PA,xxxxxxxxxxxxx
988,4,Yes,Before,24.40636178,CA,xxxxxxxxxxxxx
989,4,Yes,After,24.27820392,CA,xxxxxxxxxxxxx
990,4,Yes,Before,24.40636178,CA,xxxxxxxxxxxxx
991,4,Yes,After,24.27820392,CA,xxxxxxxxxxxxx
992,4,Yes,Before,141.000505,PA,xxxxxxxxxxxxx
993,4,Yes,After,138.768978,PA,xxxxxxxxxxxxx
994,4,Yes,Before,1.590403873,CA,xxxxxxxxxxxxx
995,4,Yes,After,4.830035494,CA,xxxxxxxxxxxxx
996,4,Yes,Before,567.6753179,CA,xxxxxxxxxxxxx
997,4,Yes,After,476.192215,CA,xxxxxxxxxxxxx
998,4,Yes,Before,567.6753179,CA,xxxxxxxxxxxxx
999,4,Yes,After,476.192215,CA,xxxxxxxxxxxxx
1000,7,Yes,Before,567.6753179,CA,xxxxxxxxxxxxx
1001,7,Yes,After,476.192215,CA,xxxxxxxxxxxxx
1002,1,Yes,Before,3.627520348,CA,xxxxxxxxxxxxx
1003,1,Yes,After,8.289622427,CA,xxxxxxxxxxxxx
1004,1,Yes,Before,48.707607,CA,xxxxxxxxxxxxx
1005,1,Yes,After,54.113026,CA,xxxxxxxxxxxxx
1006,1,Yes,Before,18.5500865,PA,xxxxxxxxxxxxx
1007,1,Yes,After,81.03878468,PA,xxxxxxxxxxxxx
1008,4,Yes,Before,613.5216005,CA,xxxxxxxxxxxxx
1009,4,Yes,After,739.4530184,CA,xxxxxxxxxxxxx
1010,4,Yes,Before,613.5216005,CA,xxxxxxxxxxxxx
1011,4,Yes,After,739.4530184,CA,xxxxxxxxxxxxx
1012,4,Yes,Before,1.743299935,CA,xxxxxxxxxxxxx
1013,4,Yes,After,10.19205504,CA,xxxxxxxxxxxxx
1014,4,Yes,Before,0.625246884,CA,xxxxxxxxxxxxx
1015,4,Yes,After,0.399880949,CA,xxxxxxxxxxxxx
1016,4,Yes,Before,3.369820852,CA,xxxxxxxxxxxxx
1017,4,Yes,After,4.978958412,CA,xxxxxxxxxxxxx
1018,4,Yes,Before,11.93318752,CA,xxxxxxxxxxxxx
1019,4,Yes,After,9.068665114,CA,xxxxxxxxxxxxx
1020,5,Yes,Before,11.05207523,CA,xxxxxxxxxxxxx
1021,5,Yes,After,20.73187407,CA,xxxxxxxxxxxxx
1022,4,Yes,Before,0.68447596,CA,xxxxxxxxxxxxx
1023,4,Yes,After,10.39157501,CA,xxxxxxxxxxxxx
1024,4,Yes,Before,123.5741697,CA,xxxxxxxxxxxxx
1025,4,Yes,After,58.60242065,CA,xxxxxxxxxxxxx
1026,4,Yes,Before,123.5741697,CA,xxxxxxxxxxxxx
1027,4,Yes,After,58.60242065,CA,xxxxxxxxxxxxx
1028,4,Yes,Before,123.5741697,CA,xxxxxxxxxxxxx
1029,4,Yes,After,58.60242065,CA,xxxxxxxxxxxxx
1030,4,Yes,Before,19.84051868,CA,xxxxxxxxxxxxx
1031,4,Yes,After,25.40306067,CA,xxxxxxxxxxxxx
1032,10,Yes,Before,0.238216,PA,xxxxxxxxxxxxx
1033,10,Yes,After,26.107914,PA,xxxxxxxxxxxxx
1034,5,Yes,Before,144.409158,CA,xxxxxxxxxxxxx
1035,5,Yes,After,107.7228547,CA,xxxxxxxxxxxxx
1036,4,Yes,Before,92.59241619,CA,xxxxxxxxxxxxx
1037,4,Yes,After,86.20855825,CA,xxxxxxxxxxxxx
1038,4,Yes,Before,92.59241619,CA,xxxxxxxxxxxxx
1039,4,Yes,After,86.20855825,CA,xxxxxxxxxxxxx
1040,4,Yes,Before,125.4992429,CA,xxxxxxxxxxxxx
1041,4,Yes,After,124.8305152,CA,xxxxxxxxxxxxx
1042,4,Yes,Before,1.663587948,PA,xxxxxxxxxxxxx
1043,4,Yes,After,27.03727368,PA,xxxxxxxxxxxxx
1044,4,Yes,Before,1.200788444,CA,xxxxxxxxxxxxx
1045,4,Yes,After,0.743901353,CA,xxxxxxxxxxxxx
1046,1,Yes,Before,84.14589471,VA,xxxxxxxxxxxxx
1047,1,Yes,After,116.4714711,VA,xxxxxxxxxxxxx
1048,10,Yes,Before,14.535942,CA,xxxxxxxxxxxxx
1049,10,Yes,After,10.894773,CA,xxxxxxxxxxxxx
1050,5,Yes,Before,1.78109,CA,xxxxxxxxxxxxx
1051,5,Yes,After,2.267304911,CA,xxxxxxxxxxxxx
1052,4,Yes,Before,1.78109,CA,xxxxxxxxxxxxx
1053,4,Yes,After,2.267304911,CA,xxxxxxxxxxxxx
1054,4,Yes,Before,42.17631156,TX,xxxxxxxxxxxxx
1055,4,Yes,After,98.61238734,TX,xxxxxxxxxxxxx
1056,4,Yes,Before,4.529597956,CA,xxxxxxxxxxxxx
1057,4,Yes,After,7.284185608,CA,xxxxxxxxxxxxx
1058,4,Yes,Before,1.065299,PA,xxxxxxxxxxxxx
1059,4,Yes,After,32.38973,PA,xxxxxxxxxxxxx
1060,7,Yes,Before,1.065299,PA,xxxxxxxxxxxxx
1061,7,Yes,After,32.38973,PA,xxxxxxxxxxxxx
1062,4,Yes,Before,97.667763,CA,xxxxxxxxxxxxx
1063,4,Yes,After,151.08517,CA,xxxxxxxxxxxxx
1064,4,Yes,Before,1.061559986,PA,xxxxxxxxxxxxx
1065,4,Yes,After,26.40426316,PA,xxxxxxxxxxxxx
1066,4,Yes,Before,153.349337,PA,xxxxxxxxxxxxx
1067,4,Yes,After,223.553834,PA,xxxxxxxxxxxxx
1068,4,Yes,Before,1.6433789,CA,xxxxxxxxxxxxx
1069,4,Yes,After,19.13298,CA,xxxxxxxxxxxxx
1070,1,Yes,Before,15.94519212,CA,xxxxxxxxxxxxx
1071,1,Yes,After,254.6308923,CA,xxxxxxxxxxxxx
1072,4,Yes,Before,159.8135251,TX,xxxxxxxxxxxxx
1073,4,Yes,After,166.6370048,TX,xxxxxxxxxxxxx
1074,1,Yes,Before,17.30251,PA,xxxxxxxxxxxxx
1075,1,Yes,After,36.407401,PA,xxxxxxxxxxxxx
1076,1,Yes,Before,23.90256153,VA,xxxxxxxxxxxxx
1077,1,Yes,After,18.39839865,VA,xxxxxxxxxxxxx
1078,4,Yes,Before,1.586326,PA,xxxxxxxxxxxxx
1079,4,Yes,After,29.242016,PA,xxxxxxxxxxxxx
1080,1,Yes,Before,25.57138744,CA,xxxxxxxxxxxxx
1081,1,Yes,After,30.26606299,CA,xxxxxxxxxxxxx
1082,1,Yes,Before,48.058974,PA,xxxxxxxxxxxxx
1083,1,Yes,After,78.911266,PA,xxxxxxxxxxxxx
1084,1,Yes,Before,15.95335227,CA,xxxxxxxxxxxxx
1085,1,Yes,After,19.93961343,CA,xxxxxxxxxxxxx
1086,4,Yes,Before,504.679119,PA,xxxxxxxxxxxxx
1087,4,Yes,After,429.757176,PA,xxxxxxxxxxxxx
1088,4,Yes,Before,325.304018,PA,xxxxxxxxxxxxx
1089,4,Yes,After,376.291447,PA,xxxxxxxxxxxxx
1090,4,Yes,Before,0.12,PA,xxxxxxxxxxxxx
1091,4,Yes,After,30.602706,PA,xxxxxxxxxxxxx
1092,7,Yes,Before,0.12,PA,xxxxxxxxxxxxx
1093,7,Yes,After,30.602706,PA,xxxxxxxxxxxxx
1094,9,Yes,Before,19.868708,CA,xxxxxxxxxxxxx
1095,9,Yes,After,34.547741,CA,xxxxxxxxxxxxx
1096,1,Yes,Before,265.6224646,SC,xxxxxxxxxxxxx
1097,1,Yes,After,324.8142016,SC,xxxxxxxxxxxxx
1098,4,Yes,Before,65.42767075,FL,xxxxxxxxxxxxx
1099,4,Yes,After,43.92492603,FL,xxxxxxxxxxxxx
1100,4,Yes,Before,16.09455219,FL,xxxxxxxxxxxxx
1101,4,Yes,After,16.59029489,FL,xxxxxxxxxxxxx
1102,4,Yes,Before,73.40715778,CA,xxxxxxxxxxxxx
1103,4,Yes,After,78.74234643,CA,xxxxxxxxxxxxx
1104,4,Yes,Before,188.15666,SC,xxxxxxxxxxxxx
1105,4,Yes,After,261.67406,SC,xxxxxxxxxxxxx
1106,4,Yes,Before,7.087053894,CA,xxxxxxxxxxxxx
1107,4,Yes,After,6.468916165,CA,xxxxxxxxxxxxx
1108,4,Yes,Before,13.080179,SC,xxxxxxxxxxxxx
1109,4,Yes,After,111.349447,SC,xxxxxxxxxxxxx
1110,4,Yes,Before,5.922861,PA,xxxxxxxxxxxxx
1111,4,Yes,After,33.055825,PA,xxxxxxxxxxxxx
1112,5,Yes,Before,170.6508461,SC,xxxxxxxxxxxxx
1113,5,Yes,After,376.4655575,SC,xxxxxxxxxxxxx
1114,4,Yes,Before,11.27570251,SC,xxxxxxxxxxxxx
1115,4,Yes,After,141.6693156,SC,xxxxxxxxxxxxx
1116,4,Yes,Before,8.20165019,CA,xxxxxxxxxxxxx
1117,4,Yes,After,13.07830354,CA,xxxxxxxxxxxxx
1118,5,Yes,Before,73.856179,PA,xxxxxxxxxxxxx
1119,5,Yes,After,116.722536,PA,xxxxxxxxxxxxx
1120,10,Yes,Before,7.672912,PA,xxxxxxxxxxxxx
1121,10,Yes,After,39.759016,PA,xxxxxxxxxxxxx
1122,4,Yes,Before,126.15315,PA,xxxxxxxxxxxxx
1123,4,Yes,After,267.724257,PA,xxxxxxxxxxxxx
1124,4,Yes,Before,75.62689958,SC,xxxxxxxxxxxxx
1125,4,Yes,After,228.5163061,SC,xxxxxxxxxxxxx
1126,4,Yes,Before,31.0297862,SC,xxxxxxxxxxxxx
1127,4,Yes,After,129.4769733,SC,xxxxxxxxxxxxx
1128,1,Yes,Before,12.63737,VA,xxxxxxxxxxxxx
1129,1,Yes,After,10.732014,VA,xxxxxxxxxxxxx
1130,4,Yes,Before,138.2848294,TX,xxxxxxxxxxxxx
1131,4,Yes,After,209.5006605,TX,xxxxxxxxxxxxx
1132,4,Yes,Before,120.8521683,CA,xxxxxxxxxxxxx
1133,4,Yes,After,137.7858842,CA,xxxxxxxxxxxxx
1134,2,Yes,Before,10.935717,PA,xxxxxxxxxxxxx
1135,2,Yes,After,32.068218,PA,xxxxxxxxxxxxx
1136,4,Yes,Before,189.93216,PA,xxxxxxxxxxxxx
1137,4,Yes,After,169.65578,PA,xxxxxxxxxxxxx
1138,4,Yes,Before,66.338999,PA,xxxxxxxxxxxxx
1139,4,Yes,After,151.899839,PA,xxxxxxxxxxxxx
1140,4,Yes,Before,1.441328527,PA,xxxxxxxxxxxxx
1141,4,Yes,After,29.11318447,PA,xxxxxxxxxxxxx
1142,1,Yes,Before,6.099067,PA,xxxxxxxxxxxxx
1143,1,Yes,After,31.329394,PA,xxxxxxxxxxxxx
1144,4,Yes,Before,21.87728978,SC,xxxxxxxxxxxxx
1145,4,Yes,After,114.5122432,SC,xxxxxxxxxxxxx
1146,1,Yes,Before,70.75512337,SC,xxxxxxxxxxxxx
1147,1,Yes,After,168.3793399,SC,xxxxxxxxxxxxx
1148,4,Yes,Before,33.09261047,CA,xxxxxxxxxxxxx
1149,4,Yes,After,93.72462066,CA,xxxxxxxxxxxxx
1150,4,Yes,Before,33.09261047,CA,xxxxxxxxxxxxx
1151,4,Yes,After,93.72462066,CA,xxxxxxxxxxxxx
1152,4,Yes,Before,44.46832884,CA,xxxxxxxxxxxxx
1153,4,Yes,After,40.2524302,CA,xxxxxxxxxxxxx
1154,4,Yes,Before,23.899206,CA,xxxxxxxxxxxxx
1155,4,Yes,After,26.356771,CA,xxxxxxxxxxxxx
1156,1,Yes,Before,177.2571867,SC,xxxxxxxxxxxxx
1157,1,Yes,After,285.3937125,SC,xxxxxxxxxxxxx
1158,4,Yes,Before,1.231157562,SC,xxxxxxxxxxxxx
1159,4,Yes,After,100.5297815,SC,xxxxxxxxxxxxx
1160,10,Yes,Before,100.060629,PA,xxxxxxxxxxxxx
1161,10,Yes,After,58.533837,PA,xxxxxxxxxxxxx
1162,1,Yes,Before,47.88589264,CA,xxxxxxxxxxxxx
1163,1,Yes,After,54.8652849,CA,xxxxxxxxxxxxx
1164,4,Yes,Before,7.357357,CA,xxxxxxxxxxxxx
1165,4,Yes,After,9.9690466,CA,xxxxxxxxxxxxx
1166,4,Yes,Before,2.9381411,CA,xxxxxxxxxxxxx
1167,4,Yes,After,2.097337,CA,xxxxxxxxxxxxx
1168,1,Yes,Before,3.754083559,CA,xxxxxxxxxxxxx
1169,1,Yes,After,1.823089096,CA,xxxxxxxxxxxxx
1170,4,Yes,Before,0.30000901,CA,xxxxxxxxxxxxx
1171,4,Yes,After,0.051595002,CA,xxxxxxxxxxxxx
1172,1,Yes,Before,21.794317,CA,xxxxxxxxxxxxx
1173,1,Yes,After,19.264641,CA,xxxxxxxxxxxxx
1174,4,Yes,Before,12.16835238,CA,xxxxxxxxxxxxx
1175,4,Yes,After,28.40438838,CA,xxxxxxxxxxxxx
1176,1,Yes,Before,1.987663,CA,xxxxxxxxxxxxx
1177,1,Yes,After,0.51237202,CA,xxxxxxxxxxxxx
1178,4,Yes,Before,0.85296905,CA,xxxxxxxxxxxxx
1179,4,Yes,After,100.6484,CA,xxxxxxxxxxxxx
1180,4,Yes,Before,7.569647855,CA,xxxxxxxxxxxxx
1181,4,Yes,After,7.76278226,CA,xxxxxxxxxxxxx
1182,1,Yes,Before,27.0018001,CA,xxxxxxxxxxxxx
1183,1,Yes,After,112.4339879,CA,xxxxxxxxxxxxx
1184,4,Yes,Before,275.079639,SC,xxxxxxxxxxxxx
1185,4,Yes,After,358.431734,SC,xxxxxxxxxxxxx
1186,2,Yes,Before,0.143582374,SC,xxxxxxxxxxxxx
1187,2,Yes,After,100.2267723,SC,xxxxxxxxxxxxx
1188,2,Yes,Before,345.7810876,SC,xxxxxxxxxxxxx
1189,2,Yes,After,266.5352986,SC,xxxxxxxxxxxxx
1190,4,Yes,Before,1.737720616,CA,xxxxxxxxxxxxx
1191,4,Yes,After,4.719632999,CA,xxxxxxxxxxxxx
1192,4,Yes,Before,5.433570283,CA,xxxxxxxxxxxxx
1193,4,Yes,After,8.959527798,CA,xxxxxxxxxxxxx
1194,4,Yes,Before,6.927623942,FL,xxxxxxxxxxxxx
1195,4,Yes,After,7.60059968,FL,xxxxxxxxxxxxx
1196,1,Yes,Before,83.89942805,SC,xxxxxxxxxxxxx
1197,1,Yes,After,189.3127039,SC,xxxxxxxxxxxxx
1198,4,Yes,Before,4.217269007,CA,xxxxxxxxxxxxx
1199,4,Yes,After,30.93009393,CA,xxxxxxxxxxxxx
1200,4,Yes,Before,6.775300112,CA,xxxxxxxxxxxxx
1201,4,Yes,After,90.16017695,CA,xxxxxxxxxxxxx
1202,10,Yes,Before,19.474082,PA,xxxxxxxxxxxxx
1203,10,Yes,After,105.925703,PA,xxxxxxxxxxxxx
1204,4,Yes,Before,1.319223,PA,xxxxxxxxxxxxx
1205,4,Yes,After,75.568076,PA,xxxxxxxxxxxxx
1206,2,Yes,Before,85.49142299,SC,xxxxxxxxxxxxx
1207,2,Yes,After,157.3257661,SC,xxxxxxxxxxxxx
1208,1,Yes,Before,135.4398076,SC,xxxxxxxxxxxxx
1209,1,Yes,After,249.3051427,SC,xxxxxxxxxxxxx
1210,4,Yes,Before,4.473048,PA,xxxxxxxxxxxxx
1211,4,Yes,After,95.98736,PA,xxxxxxxxxxxxx
1212,4,Yes,Before,3.970184,PA,xxxxxxxxxxxxx
1213,4,Yes,After,57.032754,PA,xxxxxxxxxxxxx
1214,10,Yes,Before,0.001326511,SC,xxxxxxxxxxxxx
1215,10,Yes,After,100.0005654,SC,xxxxxxxxxxxxx
1216,4,Yes,Before,383.772014,PA,xxxxxxxxxxxxx
1217,4,Yes,After,434.207502,PA,xxxxxxxxxxxxx
1218,1,Yes,Before,452.2120026,PA,xxxxxxxxxxxxx
1219,1,Yes,After,354.4500438,PA,xxxxxxxxxxxxx
1220,4,Yes,Before,19.676376,PA,xxxxxxxxxxxxx
1221,4,Yes,After,108.411116,PA,xxxxxxxxxxxxx
1222,4,Yes,Before,1.186532247,CA,xxxxxxxxxxxxx
1223,4,Yes,After,60.43874808,CA,xxxxxxxxxxxxx
1224,1,Yes,Before,12.346753,SC,xxxxxxxxxxxxx
1225,1,Yes,After,122.384666,SC,xxxxxxxxxxxxx
1226,1,Yes,Before,6.715333,SC,xxxxxxxxxxxxx
1227,1,Yes,After,111.044185,SC,xxxxxxxxxxxxx
1228,4,Yes,Before,33.87722806,TX,xxxxxxxxxxxxx
1229,4,Yes,After,43.0026969,TX,xxxxxxxxxxxxx
1230,4,Yes,Before,34.71686129,CA,xxxxxxxxxxxxx
1231,4,Yes,After,79.58117308,CA,xxxxxxxxxxxxx
1232,4,Yes,Before,60.133874,PA,xxxxxxxxxxxxx
1233,4,Yes,After,92.916086,PA,xxxxxxxxxxxxx
1234,4,Yes,Before,117.5409361,VA,xxxxxxxxxxxxx
1235,4,Yes,After,82.80338431,VA,xxxxxxxxxxxxx
1236,1,Yes,Before,84.1782931,SC,xxxxxxxxxxxxx
1237,1,Yes,After,222.6957881,SC,xxxxxxxxxxxxx
1238,1,Yes,Before,57.06837524,SC,xxxxxxxxxxxxx
1239,1,Yes,After,1485.78133,SC,xxxxxxxxxxxxx
1240,1,Yes,Before,21.826821,PA,xxxxxxxxxxxxx
1241,1,Yes,After,114.339228,PA,xxxxxxxxxxxxx
1242,4,Yes,Before,18.86798344,PA,xxxxxxxxxxxxx
1243,4,Yes,After,64.64564664,PA,xxxxxxxxxxxxx
1244,4,Yes,Before,0.350672206,SC,xxxxxxxxxxxxx
1245,4,Yes,After,103.354205,SC,xxxxxxxxxxxxx
1246,9,Yes,Before,26.91317169,SC,xxxxxxxxxxxxx
1247,9,Yes,After,148.0029426,SC,xxxxxxxxxxxxx
1248,4,Yes,Before,5.771866,PA,xxxxxxxxxxxxx
1249,4,Yes,After,49.647867,PA,xxxxxxxxxxxxx
1250,4,Yes,Before,8.408411023,CA,xxxxxxxxxxxxx
1251,4,Yes,After,22.76525158,CA,xxxxxxxxxxxxx
1252,1,Yes,Before,1.313866,CA,xxxxxxxxxxxxx
1253,1,Yes,After,10.386299,CA,xxxxxxxxxxxxx
1254,1,Yes,Before,16.45159492,SC,xxxxxxxxxxxxx
1255,1,Yes,After,450.0357662,SC,xxxxxxxxxxxxx
1256,2,Yes,Before,0.165287,PA,xxxxxxxxxxxxx
1257,2,Yes,After,125.152908,PA,xxxxxxxxxxxxx
1258,4,Yes,Before,10.93135482,CA,xxxxxxxxxxxxx
1259,4,Yes,After,90.73568201,CA,xxxxxxxxxxxxx
1260,2,Yes,Before,115.925361,PA,xxxxxxxxxxxxx
1261,2,Yes,After,227.015881,PA,xxxxxxxxxxxxx
1262,2,Yes,Before,5.849422,PA,xxxxxxxxxxxxx
1263,2,Yes,After,125.8978519,PA,xxxxxxxxxxxxx
1264,1,Yes,Before,200.3235085,SC,xxxxxxxxxxxxx
1265,1,Yes,After,106.7752593,SC,xxxxxxxxxxxxx
1266,4,Yes,Before,3.677581577,CA,xxxxxxxxxxxxx
1267,4,Yes,After,21.57560081,CA,xxxxxxxxxxxxx
1268,7,Yes,Before,11.17068048,CA,xxxxxxxxxxxxx
1269,7,Yes,After,25.05638682,CA,xxxxxxxxxxxxx
1270,1,Yes,Before,138.2974373,SC,xxxxxxxxxxxxx
1271,1,Yes,After,1106.914494,SC,xxxxxxxxxxxxx
1272,4,Yes,Before,22.36266288,CA,xxxxxxxxxxxxx
1273,4,Yes,After,150.7610384,CA,xxxxxxxxxxxxx
1274,1,Yes,Before,230.8329816,SC,xxxxxxxxxxxxx
1275,1,Yes,After,240.7628396,SC,xxxxxxxxxxxxx
1276,4,Yes,Before,200.004401,SC,xxxxxxxxxxxxx
1277,4,Yes,After,112.184332,SC,xxxxxxxxxxxxx
1278,2,Yes,Before,0.63312697,CA,xxxxxxxxxxxxx
1279,2,Yes,After,100.485859,CA,xxxxxxxxxxxxx
1280,1,Yes,Before,0.052078001,CA,xxxxxxxxxxxxx
1281,1,Yes,After,220.664801,CA,xxxxxxxxxxxxx
1282,5,Yes,Before,0.040502001,CA,xxxxxxxxxxxxx
1283,5,Yes,After,100.563227,CA,xxxxxxxxxxxxx
1284,4,Yes,Before,0.445732884,CA,xxxxxxxxxxxxx
1285,4,Yes,After,22.13866947,CA,xxxxxxxxxxxxx
1286,4,Yes,Before,0.438636229,CA,xxxxxxxxxxxxx
1287,4,Yes,After,40.03155758,CA,xxxxxxxxxxxxx
1288,1,Yes,Before,3.102999,PA,xxxxxxxxxxxxx
1289,1,Yes,After,125.957838,PA,xxxxxxxxxxxxx
1290,4,Yes,Before,200.2951026,SC,xxxxxxxxxxxxx
1291,4,Yes,After,160.5458645,SC,xxxxxxxxxxxxx
1292,2,Yes,Before,407.6629474,SC,xxxxxxxxxxxxx
1293,2,Yes,After,326.5038518,SC,xxxxxxxxxxxxx
1294,4,Yes,Before,1.724983935,CA,xxxxxxxxxxxxx
1295,4,Yes,After,70.72724522,CA,xxxxxxxxxxxxx
1296,4,Yes,Before,9.418605,PA,xxxxxxxxxxxxx
1297,4,Yes,After,62.082196,PA,xxxxxxxxxxxxx
1298,4,Yes,Before,100.0476838,SC,xxxxxxxxxxxxx
1299,4,Yes,After,280.3323324,SC,xxxxxxxxxxxxx
